reference_sequential_site	reference_aa	protein	protein_site	ectodomain_site	H3_site
1	M	SigPep	1	-18	-16
2	N	SigPep	2	-17	-15
3	T	SigPep	3	-16	-9
4	Q	SigPep	4	-15	-8
5	I	SigPep	5	-14	-7
6	L	SigPep	6	-13	-6
7	V	SigPep	7	-12	-5
8	F	SigPep	8	-11	-4
9	A	SigPep	9	-10	-3
10	L	SigPep	10	-9	-2
11	I	SigPep	11	-8	-1
12	A	SigPep	12	-7	1
13	I	SigPep	13	-6	2
14	I	SigPep	14	-5	3
15	P	SigPep	15	-4	4
16	T	SigPep	16	-3	5
17	N	SigPep	17	-2	9
18	A	SigPep	18	-1	10
19	D	HA1	1	1	11
20	K	HA1	2	2	12
21	I	HA1	3	3	13
22	C	HA1	4	4	14
23	L	HA1	5	5	15
24	G	HA1	6	6	16
25	H	HA1	7	7	17
26	H	HA1	8	8	18
27	A	HA1	9	9	19
28	V	HA1	10	10	20
29	S	HA1	11	11	21
30	N	HA1	12	12	22
31	G	HA1	13	13	23
32	T	HA1	14	14	24
33	K	HA1	15	15	25
34	V	HA1	16	16	26
35	N	HA1	17	17	27
36	T	HA1	18	18	28
37	L	HA1	19	19	29
38	T	HA1	20	20	30
39	E	HA1	21	21	31
40	R	HA1	22	22	32
41	G	HA1	23	23	33
42	V	HA1	24	24	34
43	E	HA1	25	25	35
44	V	HA1	26	26	36
45	V	HA1	27	27	37
46	N	HA1	28	28	38
47	A	HA1	29	29	39
48	T	HA1	30	30	40
49	E	HA1	31	31	41
50	T	HA1	32	32	42
51	V	HA1	33	33	43
52	E	HA1	34	34	44
53	R	HA1	35	35	45
54	T	HA1	36	36	46
55	N	HA1	37	37	47
56	I	HA1	38	38	48
57	P	HA1	39	39	49
58	R	HA1	40	40	50
59	I	HA1	41	41	51
60	C	HA1	42	42	52
61	S	HA1	43	43	53
62	K	HA1	44	44	54
63	G	HA1	45	45	55
64	K	HA1	46	46	56
65	R	HA1	47	47	57
66	T	HA1	48	48	58
67	V	HA1	49	49	59
68	D	HA1	50	50	60
69	L	HA1	51	51	61
70	G	HA1	52	52	62
71	Q	HA1	53	53	63
72	C	HA1	54	54	64
73	G	HA1	55	55	65
74	L	HA1	56	56	66
75	L	HA1	57	57	67
76	G	HA1	58	58	68
77	T	HA1	59	59	69
78	I	HA1	60	60	70
79	T	HA1	61	61	71
80	G	HA1	62	62	72
81	P	HA1	63	63	73
82	P	HA1	64	64	74
83	Q	HA1	65	65	75
84	C	HA1	66	66	76
85	D	HA1	67	67	77
86	Q	HA1	68	68	78
87	F	HA1	69	69	79
88	L	HA1	70	70	80
89	E	HA1	71	71	81
90	F	HA1	72	72	82
91	S	HA1	73	73	83
92	A	HA1	74	74	84
93	D	HA1	75	75	85
94	L	HA1	76	76	86
95	I	HA1	77	77	87
96	I	HA1	78	78	88
97	E	HA1	79	79	89
98	R	HA1	80	80	90
99	R	HA1	81	81	91
100	E	HA1	82	82	92
101	G	HA1	83	83	93
102	S	HA1	84	84	94
103	D	HA1	85	85	95
104	V	HA1	86	86	96
105	C	HA1	87	87	97
106	Y	HA1	88	88	98
107	P	HA1	89	89	99
108	G	HA1	90	90	100
109	K	HA1	91	91	101
110	F	HA1	92	92	102
111	V	HA1	93	93	103
112	N	HA1	94	94	104
113	E	HA1	95	95	105
114	E	HA1	96	96	106
115	A	HA1	97	97	107
116	L	HA1	98	98	108
117	R	HA1	99	99	109
118	Q	HA1	100	100	110
119	I	HA1	101	101	111
120	L	HA1	102	102	112
121	R	HA1	103	103	113
122	E	HA1	104	104	114
123	S	HA1	105	105	115
124	G	HA1	106	106	116
125	G	HA1	107	107	117
126	I	HA1	108	108	118
127	D	HA1	109	109	119
128	K	HA1	110	110	120
129	E	HA1	111	111	121
130	A	HA1	112	112	122
131	M	HA1	113	113	123
132	G	HA1	114	114	124
133	F	HA1	115	115	125
134	T	HA1	116	116	126
135	Y	HA1	117	117	127
136	S	HA1	118	118	128
137	G	HA1	119	119	129
138	I	HA1	120	120	130
139	R	HA1	121	121	131
140	T	HA1	122	122	132
141	N	HA1	123	123	133
142	G	HA1	124	124	134
143	A	HA1	125	125	135
144	T	HA1	126	126	136
145	S	HA1	127	127	137
146	A	HA1	128	128	138
147	C	HA1	129	129	139
148	R	HA1	130	130	140
149	R	HA1	131	131	141
150	S	HA1	132	132	142
151	G	HA1	133	133	143
152	S	HA1	134	134	145
153	S	HA1	135	135	146
154	F	HA1	136	136	147
155	Y	HA1	137	137	148
156	A	HA1	138	138	149
157	E	HA1	139	139	150
158	M	HA1	140	140	151
159	K	HA1	141	141	152
160	W	HA1	142	142	153
161	L	HA1	143	143	154
162	L	HA1	144	144	155
163	S	HA1	145	145	156
164	N	HA1	146	146	157
165	T	HA1	147	147	157a
166	D	HA1	148	148	157b
167	N	HA1	149	149	158
168	A	HA1	150	150	159
169	A	HA1	151	151	160
170	F	HA1	152	152	161
171	P	HA1	153	153	162
172	Q	HA1	154	154	163
173	M	HA1	155	155	164
174	T	HA1	156	156	165
175	K	HA1	157	157	166
176	S	HA1	158	158	167
177	Y	HA1	159	159	168
178	K	HA1	160	160	169
179	N	HA1	161	161	170
180	T	HA1	162	162	171
181	R	HA1	163	163	172
182	K	HA1	164	164	173
183	S	HA1	165	165	174
184	P	HA1	166	166	175
185	A	HA1	167	167	176
186	L	HA1	168	168	177
187	I	HA1	169	169	178
188	V	HA1	170	170	179
189	W	HA1	171	171	180
190	G	HA1	172	172	181
191	I	HA1	173	173	182
192	H	HA1	174	174	183
193	H	HA1	175	175	184
194	S	HA1	176	176	185
195	V	HA1	177	177	186
196	S	HA1	178	178	187
197	T	HA1	179	179	188
198	A	HA1	180	180	189
199	E	HA1	181	181	190
200	Q	HA1	182	182	191
201	T	HA1	183	183	192
202	K	HA1	184	184	193
203	L	HA1	185	185	194
204	Y	HA1	186	186	195
205	G	HA1	187	187	196
206	S	HA1	188	188	197
207	G	HA1	189	189	198
208	N	HA1	190	190	199
209	K	HA1	191	191	200
210	L	HA1	192	192	201
211	V	HA1	193	193	202
212	T	HA1	194	194	203
213	V	HA1	195	195	204
214	G	HA1	196	196	205
215	S	HA1	197	197	206
216	S	HA1	198	198	207
217	N	HA1	199	199	208
218	Y	HA1	200	200	209
219	Q	HA1	201	201	210
220	Q	HA1	202	202	211
221	S	HA1	203	203	212
222	F	HA1	204	204	213
223	V	HA1	205	205	214
224	P	HA1	206	206	215
225	S	HA1	207	207	216
226	P	HA1	208	208	217
227	G	HA1	209	209	218
228	A	HA1	210	210	219
229	R	HA1	211	211	220
230	P	HA1	212	212	221
231	Q	HA1	213	213	222
232	V	HA1	214	214	223
233	N	HA1	215	215	224
234	G	HA1	216	216	225
235	L	HA1	217	217	226
236	S	HA1	218	218	227
237	G	HA1	219	219	228
238	R	HA1	220	220	229
239	I	HA1	221	221	230
240	D	HA1	222	222	231
241	F	HA1	223	223	232
242	H	HA1	224	224	233
243	W	HA1	225	225	234
244	L	HA1	226	226	235
245	M	HA1	227	227	236
246	L	HA1	228	228	237
247	N	HA1	229	229	238
248	P	HA1	230	230	239
249	N	HA1	231	231	240
250	D	HA1	232	232	241
251	T	HA1	233	233	242
252	V	HA1	234	234	243
253	T	HA1	235	235	244
254	F	HA1	236	236	245
255	S	HA1	237	237	246
256	F	HA1	238	238	247
257	N	HA1	239	239	248
258	G	HA1	240	240	249
259	A	HA1	241	241	250
260	F	HA1	242	242	251
261	I	HA1	243	243	252
262	A	HA1	244	244	253
263	P	HA1	245	245	254
264	D	HA1	246	246	255
265	R	HA1	247	247	256
266	A	HA1	248	248	257
267	S	HA1	249	249	258
268	F	HA1	250	250	259
269	L	HA1	251	251	260
270	R	HA1	252	252	262
271	G	HA1	253	253	263
272	K	HA1	254	254	264
273	S	HA1	255	255	265
274	M	HA1	256	256	266
275	G	HA1	257	257	267
276	I	HA1	258	258	268
277	Q	HA1	259	259	269
278	S	HA1	260	260	270
279	G	HA1	261	261	271
280	V	HA1	262	262	272
281	Q	HA1	263	263	273
282	V	HA1	264	264	274
283	D	HA1	265	265	275
284	A	HA1	266	266	275a
285	N	HA1	267	267	276
286	C	HA1	268	268	277
287	E	HA1	269	269	278
288	G	HA1	270	270	279
289	D	HA1	271	271	280
290	C	HA1	272	272	281
291	Y	HA1	273	273	282
292	H	HA1	274	274	283
293	S	HA1	275	275	284
294	G	HA1	276	276	285
295	G	HA1	277	277	286
296	T	HA1	278	278	287
297	I	HA1	279	279	288
298	I	HA1	280	280	289
299	S	HA1	281	281	290
300	N	HA1	282	282	291
301	L	HA1	283	283	292
302	P	HA1	284	284	293
303	F	HA1	285	285	294
304	Q	HA1	286	286	295
305	N	HA1	287	287	296
306	I	HA1	288	288	297
307	D	HA1	289	289	298
308	S	HA1	290	290	299
309	R	HA1	291	291	300
310	A	HA1	292	292	301
311	V	HA1	293	293	302
312	G	HA1	294	294	303
313	K	HA1	295	295	304
314	C	HA1	296	296	305
315	P	HA1	297	297	306
316	R	HA1	298	298	307
317	Y	HA1	299	299	308
318	V	HA1	300	300	309
319	K	HA1	301	301	310
320	Q	HA1	302	302	311
321	R	HA1	303	303	312
322	S	HA1	304	304	313
323	L	HA1	305	305	314
324	L	HA1	306	306	315
325	L	HA1	307	307	316
326	A	HA1	308	308	317
327	T	HA1	309	309	318
328	G	HA1	310	310	319
329	M	HA1	311	311	320
330	K	HA1	312	312	321
331	N	HA1	313	313	322
332	V	HA1	314	314	323
333	P	HA1	315	315	324
334	E	HA1	316	316	325
335	I	HA1	317	317	326
336	P	HA1	318	318	327
337	K	HA1	319	319	327c
338	G	HA1	320	320	328
339	R	HA1	321	321	329
340	G	HA2	1	322	330
341	L	HA2	2	323	331
342	F	HA2	3	324	332
343	G	HA2	4	325	333
344	A	HA2	5	326	334
345	I	HA2	6	327	335
346	A	HA2	7	328	336
347	G	HA2	8	329	337
348	F	HA2	9	330	338
349	I	HA2	10	331	339
350	E	HA2	11	332	340
351	N	HA2	12	333	341
352	G	HA2	13	334	342
353	W	HA2	14	335	343
354	E	HA2	15	336	344
355	G	HA2	16	337	345
356	L	HA2	17	338	346
357	I	HA2	18	339	347
358	D	HA2	19	340	348
359	G	HA2	20	341	349
360	W	HA2	21	342	350
361	Y	HA2	22	343	351
362	G	HA2	23	344	352
363	F	HA2	24	345	353
364	R	HA2	25	346	354
365	H	HA2	26	347	355
366	Q	HA2	27	348	356
367	N	HA2	28	349	357
368	A	HA2	29	350	358
369	Q	HA2	30	351	359
370	G	HA2	31	352	360
371	E	HA2	32	353	361
372	G	HA2	33	354	362
373	T	HA2	34	355	363
374	A	HA2	35	356	364
375	A	HA2	36	357	365
376	D	HA2	37	358	366
377	Y	HA2	38	359	367
378	K	HA2	39	360	368
379	S	HA2	40	361	369
380	T	HA2	41	362	370
381	Q	HA2	42	363	371
382	S	HA2	43	364	372
383	A	HA2	44	365	373
384	I	HA2	45	366	374
385	D	HA2	46	367	375
386	Q	HA2	47	368	376
387	I	HA2	48	369	377
388	T	HA2	49	370	378
389	G	HA2	50	371	379
390	K	HA2	51	372	380
391	L	HA2	52	373	381
392	N	HA2	53	374	382
393	R	HA2	54	375	383
394	L	HA2	55	376	384
395	I	HA2	56	377	385
396	E	HA2	57	378	386
397	K	HA2	58	379	387
398	T	HA2	59	380	388
399	N	HA2	60	381	389
400	Q	HA2	61	382	390
401	Q	HA2	62	383	391
402	F	HA2	63	384	392
403	E	HA2	64	385	393
404	L	HA2	65	386	394
405	I	HA2	66	387	395
406	D	HA2	67	388	396
407	N	HA2	68	389	397
408	E	HA2	69	390	398
409	F	HA2	70	391	399
410	N	HA2	71	392	400
411	E	HA2	72	393	401
412	V	HA2	73	394	402
413	E	HA2	74	395	403
414	K	HA2	75	396	404
415	Q	HA2	76	397	405
416	I	HA2	77	398	406
417	G	HA2	78	399	407
418	N	HA2	79	400	408
419	V	HA2	80	401	409
420	I	HA2	81	402	410
421	N	HA2	82	403	411
422	W	HA2	83	404	412
423	T	HA2	84	405	413
424	R	HA2	85	406	414
425	D	HA2	86	407	415
426	S	HA2	87	408	416
427	I	HA2	88	409	417
428	T	HA2	89	410	418
429	E	HA2	90	411	419
430	V	HA2	91	412	420
431	W	HA2	92	413	421
432	S	HA2	93	414	422
433	Y	HA2	94	415	423
434	N	HA2	95	416	424
435	A	HA2	96	417	425
436	E	HA2	97	418	426
437	L	HA2	98	419	427
438	L	HA2	99	420	428
439	V	HA2	100	421	429
440	A	HA2	101	422	430
441	M	HA2	102	423	431
442	E	HA2	103	424	432
443	N	HA2	104	425	433
444	Q	HA2	105	426	434
445	H	HA2	106	427	435
446	T	HA2	107	428	436
447	I	HA2	108	429	437
448	D	HA2	109	430	438
449	L	HA2	110	431	439
450	A	HA2	111	432	440
451	D	HA2	112	433	441
452	S	HA2	113	434	442
453	E	HA2	114	435	443
454	M	HA2	115	436	444
455	D	HA2	116	437	445
456	K	HA2	117	438	446
457	L	HA2	118	439	447
458	Y	HA2	119	440	448
459	E	HA2	120	441	449
460	R	HA2	121	442	450
461	V	HA2	122	443	451
462	K	HA2	123	444	452
463	R	HA2	124	445	453
464	Q	HA2	125	446	454
465	L	HA2	126	447	455
466	R	HA2	127	448	456
467	E	HA2	128	449	457
468	N	HA2	129	450	458
469	A	HA2	130	451	459
470	E	HA2	131	452	460
471	E	HA2	132	453	461
472	D	HA2	133	454	462
473	G	HA2	134	455	463
474	T	HA2	135	456	464
475	G	HA2	136	457	465
476	C	HA2	137	458	466
477	F	HA2	138	459	467
478	E	HA2	139	460	468
479	I	HA2	140	461	469
480	F	HA2	141	462	470
481	H	HA2	142	463	471
482	K	HA2	143	464	472
483	C	HA2	144	465	473
484	D	HA2	145	466	474
485	D	HA2	146	467	475
486	D	HA2	147	468	476
487	C	HA2	148	469	477
488	M	HA2	149	470	478
489	A	HA2	150	471	479
490	S	HA2	151	472	480
491	I	HA2	152	473	481
492	R	HA2	153	474	482
493	N	HA2	154	475	483
494	N	HA2	155	476	484
495	T	HA2	156	477	485
496	Y	HA2	157	478	486
497	D	HA2	158	479	487
498	H	HA2	159	480	488
499	S	HA2	160	481	489
500	K	HA2	161	482	490
501	Y	HA2	162	483	491
502	R	HA2	163	484	492
503	E	HA2	164	485	493
504	E	HA2	165	486	494
505	A	HA2	166	487	495
506	M	HA2	167	488	496
507	Q	HA2	168	489	497
508	N	HA2	169	490	498
509	R	HA2	170	491	499
510	I	HA2	171	492	500
511	Q	HA2	172	493	501
512	I	HA2	173	494	502
513	D	HA2	174	495	503
514	P	HA2	175	496	504
515	V	HA2	176	497	505
516	K	HA2	177	498	506
517	L	HA2	178	499	507
518	S	HA2	179	500	508
519	S	HA2	180	501	509
520	G	HA2	181	502	510
521	Y	HA2	182	503	511
522	K	HA2	183	504	512
523	D	HA2	184	505	513
524	V	HA2	185	506	514
525	I	HA2	186	507	515
526	L	HA2	187	508	516
527	W	HA2	188	509	517
528	F	HA2	189	510	518
529	S	HA2	190	511	519
530	F	HA2	191	512	520
531	G	HA2	192	513	521
532	A	HA2	193	514	522
533	S	HA2	194	515	523
534	C	HA2	195	516	524
535	F	HA2	196	517	525
536	I	HA2	197	518	526
537	L	HA2	198	519	527
538	L	HA2	199	520	528
539	A	HA2	200	521	529
540	I	HA2	201	522	530
541	V	HA2	202	523	531
542	M	HA2	203	524	532
543	G	HA2	204	525	533
544	L	HA2	205	526	534
545	V	HA2	206	527	535
546	F	HA2	207	528	536
547	I	HA2	208	529	537
548	C	HA2	209	530	538
549	V	HA2	210	531	539
550	K	HA2	211	532	540
551	N	HA2	212	533	541
552	G	HA2	213	534	542
553	N	HA2	214	535	543
554	M	HA2	215	536	544
555	R	HA2	216	537	545
556	C	HA2	217	538	546
557	T	HA2	218	539	547
558	I	HA2	219	540	548
559	C	HA2	220	541	549
560	I	HA2	221	542	550
